dataset,backbone,configuration,mae_s,abs_error_sd_s,precision,recall,f1
CWASN,PhaseNet,single,0.1436,0.6108,0.9461,0.9851,0.9652
CWASN,PhaseNet,ISFF,0.1242,0.3746,0.9579,0.9867,0.9721
CWASN,EQTransformer,single,0.1339,0.4896,0.9661,0.9883,0.9771
CWASN,EQTransformer,ISFF,0.1145,0.3604,0.9685,0.9914,0.9798
CWASN,ViT,single,0.1342,0.4450,0.9600,0.9889,0.9742
CWASN,ViT,ISFF,0.1232,0.3534,0.9663,0.9908,0.9784
INSTANCE,PhaseNet,single,0.1737,0.9942,0.9650,0.9836,0.9742
INSTANCE,PhaseNet,ISFF,0.1456,0.9445,0.9694,0.9628,0.9661
INSTANCE,EQTransformer,single,0.1194,0.7282,0.9771,0.9936,0.9853
INSTANCE,EQTransformer,ISFF,0.1178,0.7665,0.9785,0.9997,0.9890
INSTANCE,ViT,single,0.0874,0.4443,0.9809,0.9899,0.9854
INSTANCE,ViT,ISFF,0.0937,0.4609,0.9816,0.9995,0.9904
