dataset,p_arrival_sample,backbone,configuration,mae_s,abs_error_sd_s,precision,recall,f1
INSTANCE,750,PhaseNet,single,0.1582,0.8316,0.9638,0.9917,0.9776
INSTANCE,750,PhaseNet,ISFF,0.1144,0.7968,0.9771,0.9901,0.9835
INSTANCE,1500,PhaseNet,single,0.161,0.8769,0.9673,0.9913,0.9792
INSTANCE,1500,PhaseNet,ISFF,0.1852,0.7336,0.9536,0.9472,0.9504
INSTANCE,2000,PhaseNet,single,0.1799,1.1203,0.9687,0.9888,0.9786
INSTANCE,2000,PhaseNet,ISFF,0.11,0.4063,0.967,0.9883,0.9775
INSTANCE,2750,PhaseNet,single,0.104,0.7156,0.9784,0.982,0.9802
INSTANCE,2750,PhaseNet,ISFF,0.0795,0.2161,0.9798,0.9938,0.9868
INSTANCE,2900,PhaseNet,single,0.1399,0.969,0.9787,0.9671,0.9729
INSTANCE,2900,PhaseNet,ISFF,0.1099,0.2579,0.957,0.9964,0.9763
INSTANCE,750,EQTransformer,single,0.1425,0.3501,0.9838,0.9946,0.9891
INSTANCE,750,EQTransformer,ISFF,0.0984,0.5035,0.9819,0.9998,0.9908
INSTANCE,1500,EQTransformer,single,0.0997,0.5305,0.9834,0.9989,0.9911
INSTANCE,1500,EQTransformer,ISFF,0.0918,0.5158,0.9857,1.0,0.9928
INSTANCE,2000,EQTransformer,single,0.1057,0.5897,0.9831,0.9978,0.9904
INSTANCE,2000,EQTransformer,ISFF,0.1858,1.2787,0.9785,0.9999,0.9891
INSTANCE,2750,EQTransformer,single,0.116,0.7159,0.9818,0.9934,0.9876
INSTANCE,2750,EQTransformer,ISFF,0.0951,0.525,0.9812,0.9996,0.9903
INSTANCE,2900,EQTransformer,single,0.1376,0.726,0.9691,0.9885,0.9787
INSTANCE,2900,EQTransformer,ISFF,0.1152,0.9237,0.9785,0.9999,0.9891
INSTANCE,750,ViT,single,0.0841,0.3475,0.983,0.9975,0.9902
INSTANCE,750,ViT,ISFF,0.1056,0.2581,0.9853,0.9995,0.9923
INSTANCE,1500,ViT,single,0.0768,0.4005,0.9844,0.9978,0.9911
INSTANCE,1500,ViT,ISFF,0.093,0.3864,0.983,0.9999,0.9914
INSTANCE,2000,ViT,single,0.0793,0.4117,0.9821,0.996,0.989
INSTANCE,2000,ViT,ISFF,0.0695,0.3101,0.987,0.9998,0.9934
INSTANCE,2750,ViT,single,0.0884,0.462,0.9831,0.9838,0.9835
INSTANCE,2750,ViT,ISFF,0.0659,0.2802,0.9853,0.9993,0.9922
INSTANCE,2900,ViT,single,0.0931,0.6123,0.9852,0.9642,0.9745
INSTANCE,2900,ViT,ISFF,0.0828,0.3883,0.9828,0.999,0.9908
